Site,Protocol Note,Manufacturer,Scanner,N,,,,,,,,,
Andhra Pradesh,None,Siemens,MAGNETOM Skyra,108,,,,,,,,,
Assam,None,Siemens,MAGNETOM Skyra,30,,,,,,,,,
Chennai,"Can't do DWI: B=0 not same resolution as two DTI's, DTI P-A poor quality, no fMRI at this site",Siemens,MAGNETOM Spectra,10,,,,,,,,,
Gujarat,None,Siemens,MAGNETOM Vida,19,,,,,,,,,
Kolkata,None,Siemens,MAGNETOM Skyra,119,,,,,,,,,
Mumbai,None,Siemens,MAGNETOM Skyra,76,,,,,,,,,
Punjab,None,Siemens,MAGNETOM Spectra,51,,,,,,,,,
Rajasthan,No SWI phase at this site,Siemens,MAGNETOM Vida,18,,,,,,,,,
Delhi Haryana,"DWI is split, both 1.56 isotropic",Philips,Achieva dStream,46,,,,,,,,,
NIMHANS,None,Philips,Ingenia CX,138,,,,,,,,,
Uttarakhand,"No DWI, fMRI sequences collected at this site",Philips,Ingenia Elition X,23,,,,,,,,,
,,,,,,,,,,,,,
T1w,,,,,,,,,,,,,
Site,Manufacturer,Sequence,TE (ms),TR (ms),TI (ms),Flip Angle (°),Acceleration,"Dimensions (X, Y, Z)","Voxel Size (X, Y, Z; mm)",Duration,,,
Andhra Pradesh,Siemens,MPRAGE,2.96,2300,900,9," GRAPPA, factor = 2",208 x 240 x 256, 1 x 1 x 1  ,05:23,,,
Assam,Siemens,MPRAGE,2.26,2300,900,9," GRAPPA, factor = 2",208 x 256 x 256, 1 x 1 x 1  ,05:28,,,
Chennai,Siemens,MPRAGE,3.31,2300,900,9," GRAPPA, factor = 2",208 x 240 x 256, 1 x 1 x 1  ,05:28,,,
Gujarat,Siemens,MPRAGE,2.26,2300,900,9," GRAPPA, factor = 2",192 x 240 x 256, 1 x 1 x 1 ,05:10,,,
Kolkata,Siemens,MPRAGE,2.98,2300,900,9," GRAPPA, factor = 2", 208 x 240 x 256, 1 x 1 x 1 ,05:10,,,
Mumbai,Siemens,MPRAGE,2.98,2300,900,9," GRAPPA, factor = 2",208 x 240 x 256, 1 x 1 x 1  ,05:22,,,
Punjab,Siemens,MPRAGE,3.31,2300,900,9," GRAPPA, factor = 2",208 x 240 x 256, 1 x 1 x 1  ,05:34,,,
Rajasthan,Siemens,MPRAGE,2.26,2300,900,9," GRAPPA, factor = 2",192 x 240 x 256, 1 x 1 x 1 ,05:22,,,
Delhi Haryana,Philips,TFE,3.68,8.05,N/A,8," Compressed sensing, factor = 1.41",160 x 240 x 240, 1 x 1 x 1 ,03:57,,,
NIMHANS,Philips,TFE,2.94,6.53,N/A,9," SENSE, factor = 2",208 x 256 x 256, 1 x 1 x 1  ,05:38,,,
Uttarakhand,Philips,TFE,3.58,7.66,N/A,8," SENSE, factor = 2",180 x 320 x 320, 1 x 0.75 x 0.75 ,05:04,,,
,,,,,,,,,,,,,
T2w,,,,,,,,,,,,,
Site,Manufacturer,Sequence,TE (s),TR (s),Flip Angle (°),Echo Train Length,Pixel Bandwidth (Hz),Parallel Reduction Factor,"Image Dimensions (X,Y,Z)","Voxel Size (X,Y,Z; mm)",Duration,,
Andhra Pradesh,Siemens,SE (SPACE),0.564,3.2,120,314,750,2,208 x 240 x 256,1 x 1 x 1,04:52,,
Assam,Siemens,SE (SPACE),0.564,3.2,120,314,751,2,208 x 240 x 256,1 x 0.98 x 0.98,04:42,,
Chennai,Siemens,SE (SPACE),0.562,3.2,120,282,725,2,208 x 240 x 256,1 x 1 x 1,05:06,,
Gujarat,Siemens,SE (SPACE),0.564,3.2,120,314,751,2,208 x 240 x 256,1 x 1 x 1,07:32,,
Kolkata,Siemens,SE (SPACE),0.564,3.2,120,314,751,2,208 x 240 x 256,1 x 1 x 1,05:00,,
Mumbai,Siemens,SE (SPACE),0.564,3.2,120,314,750,2,208 x 480 x 512,1 x 0.5 x 0.5,04:54,,
Punjab,Siemens,SE (SPACE),0.562,3.2,120,282,725,2,208 x 240 x 256,1 x 1 x 1,05:07,,
Rajasthan,Siemens,SE (SPACE),0.564,3.2,120,314,751,2,208 x 240 x 256,1 x 1 x 1,05:04,,
Delhi/Haryana,Philips,SE (TSE),0.247,2.5,90,133,1067,2.5,319 x 512 x 512,0.5 x 0.49 x 0.49,03:58,,
NIMHANS,Philips,SE (TSE),0.564,3.2,90,256,610,2,208 x 256 x 256,1 x 1 x 1,04:22,,
Uttarakhand,Philips,SE (TSE),0.254,2.5,90,133,936,2.5,360 x 512 x 512,0.5 x 0.49 x 0.49,04:28,,
,,,,,,,,,,,,,
FLAIR,,,,,,,,,,,,,
Site,Manufacturer,Sequence,TE (s),TR (s),TI (s),Flip Angle (°),Echo Train Length,Pixel Bandwidth (Hz),Parallel Reduction Factor,"Image Dimensions (X,Y,Z)","Voxel Size (X,Y,Z; mm)",Duration,
Andhra Pradesh,Siemens,SE/IR (SPACE),0.441,4.8,1.55,120,243,850,3,160 x 256 x 256,1.2 x 1 x 1,05:29,
Assam,Siemens,SE/IR (SPACE),0.441,4.8,1.55,120,243,849,3,160 x 256 x 256,1.2 x 1 x 1,05:23,
Chennai,Siemens,SE/IR (SPACE),0.441,4.8,1.55,120,234,725,3,160 x 256 x 256,1.2 x 1 x 1,04:29,
Gujarat,Siemens,SE/IR (SPACE),0.438,4.8,1.55,120,220,849,3,176 x 256 x 256,1.2 x 1 x 1,05:14,
Kolkata,Siemens,SE/IR (SPACE),0.441,4.8,1.55,120,243,849,3,160 x 256 x 256,1.2 x 1 x 1,05:21,
Mumbai,Siemens,SE/IR (SPACE),0.441,4.8,1.55,120,243,850,3,160 x 512 x 512,1.2 x 0.5 x 0.5,05:28,
Punjab,Siemens,SE/IR (SPACE),0.441,4.8,1.55,120,234,725,3,160 x 256 x 256,1.2 x 1 x 1,04:31,
Rajasthan,Siemens,SE/IR (SPACE),0.438,4.8,1.55,120,220,849,3,176 x 256 x 256,1.2 x 1 x 1,05:14,
Delhi/Haryana,Philips,IR (TIR),0.34,4.8,1.65,90,151,564,3,267 x 336 x 336,0.6 x 0.74 x 0.74,04:34,
NIMHANS,Philips,IR (TIR),0.441,4.8,1.55,90,243,872,3,150 x 256 x 256,1.2 x 1 x 1,07:05,
Uttarakhand,Philips,IR (TIR),0.34,4.8,1.65,90,151,580,3,292 x 336 x 336,0.6 x 0.74 x 0.74,05:02,
,,,,,,,,,,,,,
SWI,,,,,,,,,,,,,
Site,Manufacturer,TE (ms),TR (ms),Flip Angle (°),Parallel Factor,Pixel Bandwidth (Hz),"Image Dimensions (X,Y,Z)","Voxel Size (X,Y,Z; mm)",Acquisition Duration (s),Duration,,,
Andhra Pradesh,Siemens,20,27,15,2,120,232 x 256 x 104,0.859 x 0.859 x 1.5,,07:20,,,
Assam,Siemens,20,27,15,2,120,232 x 256 x 104,0.859 x 0.859 x 1.5,371.925,06:11,,,
Chennai,Siemens,20,27,15,2,140,232 x 256 x 104,0.859 x 0.859 x 1.5,-,06:51,,,
Gujarat,Siemens,20,27,15,2,120,232 x 256 x 104,0.859 x 0.859 x 1.5,371.925,07:16,,,
Kolkata,Siemens,20,27,15,2,120,232 x 256 x 104,0.859 x 0.859 x 1.5,371.925,06:49,,,
Mumbai,Siemens,20,27,15,2,120,232 x 256 x 104,0.859 x 0.859 x 1.5,-,06:11,,,
Punjab,Siemens,20,27,15,2,140,232 x 256 x 104,0.859 x 0.859 x 1.5,-,08:21,,,
Rajasthan,Siemens,20,27,15,2,120,232 x 256 x 104,0.859 x 0.859 x 1.5,-,06:46,,,
Delhi/Haryana,Philips,25.8,31,17,2,254,672 x 672 x 220,0.342 x 0.342 x 0.75,309.969,06:31,,,
NIMHANS,Philips,20,27,15,2,815,288 x 288 x 104,0.889 x 0.889 x 1.5,341.739,05:51,,,
Uttarakhand,Philips,25.8,31,17,2,256,672 x 672 x 173,0.342 x 0.342 x 0.75,242.575,,,,
,,,,,,,,,,,,,
DWI,,,,,,,,,,,,,
Site,Manufacturer,Shells,B0,Number of Directions,PE Direction,TE (ms),TR (ms),Flip Angle (°),Multiband Factor,Pixel Bandwidth (Hz),"Image Dimensions (X,Y,Z)","Voxel Size (X,Y,Z; mm)",Duration
Andhra Pradesh,Siemens,"1000, 2000 combined",Included in DWI ,128 (64 directions/shell),PA,101,3600,90,4,1595,116 x 116 x 80,2.02 x 2.02 x 2,08:51
Assam,Siemens,"1000, 2000 combined",Included in DWI ,128 (64 directions/shell),PA,97,3500,90,4,1596,116 x 116 x 80,2 x 2 x 2,08:28
Chennai,Siemens,"1000, 2000 split",Separate B0,128 (64 directions/image),"PA, AP",105,9600,90,-,1575,122 x 122 x 65,1.97 x 1.97 x 2.2,21:46
Gujarat,Siemens,"1000, 2000 combined",Separate B0,128 (64 directions/shell),PA,108,3700,90,4,1596,116 x 116 x 80,2 x 2 x 2,15:38
Kolkata,Siemens,"1000, 2000 combined",Separate B0,128 (64 directions/shell),PA,108,3600,90,4,1596,116 x 116 x 80,2 x 2 x 2,08:02
Mumbai,Siemens,"1000, 2000 combined",Separate B0,128 (64 directions/shell),PA,108,3600,90,4,1595,116 x 116 x 80,2 x 2 x 2,08:08
Punjab,Siemens,"1000, 2000 combined",Included in DWI ,128 (64 directions/shell),PA,131,4000,90,4,1595,116 x 116 x 80,2 x 2 x 2,09:57
Rajasthan,Siemens,"1000, 2000 combined",Separate B0,128 (64 directions/shell),PA,108,3500,90,4,1596,116 x 116 x 80,2 x 2 x 2,07:51
Delhi/Haryana,Philips,"1000, 2000 split",Included in each single shell DWI,64 (32 directions/image),Both PA,108,3600,90,-,1557,144 x 144 x 100,1.56 x 1.56 x 1.56,21:00
NIMHANS,Philips,"1000, 2000 combined",Included in DWI ,128 (64 directions/shell),PA,108,3600,90,4 (MBSENSE),2344,128 x 128 x 80,1.81 x 1.81 x 1.81,08:24
Uttarakhand,Philips,N/A,N/A,N/A,N/A,N/A,N/A,N/A,N/A,N/A,N/A,N/A,
,,,,,,,,,,,,,
fMRI,,,,,,,,,,,,,
Site,Manufacturer,TE (s),TR (s),Echo Spacing (ms),Flip Angle (°),Multiband Factor,Pixel Bandwidth (Hz),Phase Encodings,Volumes per Image,"Image Dimensions (X,Y,Z)","Voxel Size (X,Y,Z; mm)",Duration (PA + AP),
Andhra Pradesh,Siemens,0.035,0.836,0.61,50,8,2365,"PA, AP",352,88 x 88 x 64,2.5 x 2.5 x 2.5,10:10,
Assam,Siemens,0.035,0.836,0.61,50,8,2367,"PA, AP",352,88 x 88 x 64,2.5 x 2.5 x 2.5,10:12,
Chennai,Siemens,N/A,N/A,N/A,N/A,N/A,N/A,N/A,N/A,N/A,N/A,N/A,
Gujarat,Siemens,0.032,0.836,0.29,50,8,2367,"PA, AP",352,88 x 88 x 64,2.5 x 2.5 x 2.5,10:16,
Kolkata,Siemens,0.035,0.836,0.61,50,8,2367,"PA, AP",352,88 x 88 x 64,2.5 x 2.5 x 2.5,10:10,
Mumbai,Siemens,0.035,0.825,0.61,50,8,2365,"PA, AP",352,88 x 88 x 64,2.5 x 2.5 x 2.5,10:22,
Punjab,Siemens,0.05,1.06,0.84,50,8,2105,"PA, AP",352,88 x 88 x 64,2.5 x 2.5 x 2.5,13:44,6:52 x 2
Rajasthan,Siemens,0.032,0.836,0.28,50,8,2367,"PA, AP",352,88 x 88 x 64,2.5 x 2.5 x 2.5,10:22,5:11 x 2
Delhi/Haryana,Philips,0.035,5.00071,0.33,50,-,3275,"PA, AP",100,96 x 96 x 64,2.5 x 2.5 x 2.5,16:40,
NIMHANS,Philips,0.035,0.836,0.63,50,8,2427,"PA, AP",352,96 x 96 x 64,2.5 x 2.5 x 2.5,10:00,
Uttarakhand,Philips,N/A,N/A,N/A,N/A,N/A,N/A,N/A,N/A,N/A,N/A,,
,,,,,,,,,,,,,
,,,,,,,,,,,,,
,,,,,,,,,,,,,
,,,,,,,,,,,,,